class,depth,err_box,err_none,err_ray,err_xy,err_z,est_x,est_y,est_z,frame,gt_x,gt_y,gt_z,score,status,u,v
red_cube,0.8934967517852783,0.00223904217797701,0.02712141778668158,0.00257794030409434,0.0021841651248245266,0.0004926789849996581,0.7092791784356093,-0.19854976876803515,0.02624241638183594,0,0.7097487449645996,-0.1964166760444641,0.02574973739683628,0.9565261602401733,ok,565.9307861328125,583.578857421875
yellow_cube,1.0781259536743164,0.0037030543105154587,0.02729838192739306,0.0023133388342468845,0.003703054258573669,6.202310323701055e-07,0.41801684568187486,-0.44300541372669816,0.02575,0,0.42040205001831055,-0.44017285108566284,0.02574937976896763,0.9533166885375977,ok,470.2939453125,447.3143310546875
green_cube,1.0977816581726074,0.002854222105438667,0.028465634472683292,0.003457193817699023,0.002854222023585261,6.83560967443958e-07,0.3851233805791043,-0.2563244554293275,0.02575,0,0.3863770067691803,-0.25376027822494507,0.025749316439032555,0.9535032510757446,ok,554.5708618164062,434.4486083984375
blue_cube,0.9075222015380859,0.001706169876974891,0.028169302030934193,0.002887978299763683,0.0015267865541991011,0.0007615369111299529,0.6865344045903107,-0.3081247156305237,0.0265111141204834,0,0.6862291097640991,-0.3066287636756897,0.025749577209353447,0.9639739394187927,ok,509.4026184082031,570.8602294921875
red_cube,0.92435622215271,0.0012961401566619394,0.028782859723701416,0.0032492950738773323,0.0009603055355443637,0.0008705128282308593,0.6594979181732256,0.25411568094165776,0.02662013101577759,1,0.659993588924408,0.2532931864261627,0.02574961818754673,0.9499298334121704,ok,802.3195190429688,556.2808837890625
yellow_cube,0.9609770774841309,0.002524886727153158,0.027393374663296093,0.0026785611286006127,0.002524886622661422,7.2640180587627e-07,0.6024595822028931,-0.34501570669028253,0.02575,1,0.6037335991859436,-0.34283581376075745,0.025749273598194122,0.9547048807144165,ok,498.3258056640625,527.472412109375
green_cube,1.118166446685791,0.0025013443664145675,0.028958926103663577,0.003462735631982993,0.0025013442745344876,6.779730319962651e-07,0.3532088794091415,0.25941042788682817,0.02575,1,0.3557089865207672,0.2594890892505646,0.025749322026968002,0.9502171277999878,ok,776.457275390625,422.7939453125
blue_cube,0.9761881828308105,0.0011046143050886617,0.028788829908134507,0.0031403675462556655,0.0008399355726867408,0.0007174127101898208,0.5768559965265382,0.0628516194015303,0.02646664905548096,1,0.5769481658935547,0.06368648260831833,0.025749236345291138,0.9493445754051208,ok,700.1131591796875,514.930908203125
red_cube,1.1502048969268799,0.003026852512658805,0.029318386662352244,0.00390312886237928,0.0030268523335826494,1.0411888360963018e-06,0.30344178756079315,0.35922518718988916,0.02575,2,0.3064667284488678,0.35933274030685425,0.025748958811163902,0.9439533948898315,ok,814.1165771484375,405.519775390625
yellow_cube,1.1651265621185303,0.004013551377420666,0.028762585591574324,0.003669920702987076,0.00401355133668893,5.718022584901006e-07,0.27797287979238494,-0.3184432900727956,0.02575,2,0.28138449788093567,-0.3163291811943054,0.02574942819774151,0.9426911473274231,ok,534.0394287109375,396.591552734375
green_cube,0.9255425930023193,0.002510589276017872,0.02787217965024536,0.0031758276372756996,0.0023756599891038605,0.0008119717538356795,0.6576750979278795,-0.1568419544849961,0.02656088399887085,2,0.6577447056770325,-0.15446731448173523,0.02574891224503517,0.9482116103172302,ok,590.0209350585938,555.32861328125
blue_cube,1.0416109561920166,0.0015457556389327507,0.029334959665177133,0.0038591806800769126,0.0013615911422906093,0.0007317308634519591,0.4722885202959637,-0.05573870718961405,0.0264803581237793,2,0.47314777970314026,-0.05468248575925827,0.02574862726032734,0.9300654530525208,ok,641.9541625976562,468.4617919921875
red_cube,1.114717960357666,0.0019889483963798573,0.02999595140936894,0.004382383769335424,0.001988947839600704,1.4882236719117314e-06,0.3582433238385564,0.32426151606308873,0.02575,3,0.36023157835006714,0.32431402802467346,0.025748511776328087,0.936653196811676,ok,804.6688232421875,424.5345458984375
yellow_cube,0.9345207214355469,0.0015148499769199817,0.027635687758696008,0.0023675617527128975,0.0014991686550026651,0.00021740238368511342,0.6440623744546535,-0.2899449679318124,0.025965075969696046,3,0.6447616815567017,-0.28861889243125916,0.025747673586010933,0.9570537805557251,ok,522.4660491943359,548.3208618164062
green_cube,0.9249494075775146,0.0016824292049383485,0.02738913299368688,0.0018608422638084678,0.0016824282626261217,1.7806589603409917e-06,0.6611744981714074,0.3592170400122904,0.02575,3,0.6624065041542053,0.35807129740715027,0.025748219341039658,0.9690435528755188,ok,856.5046997070312,557.5364990234375
blue_cube,1.1411242485046387,0.003194282709021003,0.028753394034233437,0.003706343140225879,0.00319428215614785,1.8793791532502324e-06,0.31566933874450215,-0.11646385869333914,0.02575,3,0.3182346522808075,-0.11456054449081421,0.02574812062084675,0.9613806009292603,ok,616.363525390625,409.30645751953125
red_cube,1.1411240100860596,0.004105364334438672,0.027594505455770194,0.0026906191083923797,0.004105363962672875,1.7471313476548345e-06,0.31751604596188165,-0.3419290039264616,0.02575,4,0.32056596875190735,-0.33918091654777527,0.025748252868652344,0.9482864141464233,ok,521.9760131835938,410.300537109375
yellow_cube,1.0393621921539307,0.0025003467367284656,0.028840810841975914,0.003824850541367374,0.002499779652848376,5.32493293285384e-05,0.4767219958717862,-0.2682433875732717,0.025802176475524904,4,0.477526992559433,-0.26587677001953125,0.025748927146196365,0.9513683915138245,ok,544.2950439453125,470.459716796875
green_cube,0.9018614292144775,0.001077578480471297,0.02766741878971368,0.0021655790753043374,0.0009989067101892472,0.00040417912602424763,0.6960225729591898,0.14790157562154968,0.02615253257751465,4,0.6968435049057007,0.1484706848859787,0.025748353451490402,0.9461361765861511,ok,750.1144409179688,576.15771484375
blue_cube,1.0159809589385986,0.0009224421651110835,0.027871746598801133,0.0021901071820747066,0.0009224402883516127,1.8607527017579228e-06,0.5151802011646677,0.13179271306930093,0.02575,4,0.5160952806472778,0.13190901279449463,0.02574813924729824,0.9612693190574646,ok,730.1753540039062,487.1234130859375
red_cube,1.083606243133545,0.0017702538683107083,0.028507555167870305,0.002916166862744174,0.001770252894283249,1.857027411459461e-06,0.40738477778865134,0.13215607586763323,0.02575,5,0.40914684534072876,0.13198603689670563,0.02574814297258854,0.95020592212677,ok,724.7083740234375,442.8502197265625
yellow_cube,1.158118486404419,0.0024483112685515446,0.029190317819793733,0.003692043874753627,0.0024483099114076933,2.5778710842118413e-06,0.28869968164581594,-0.07432890433911563,0.02575,5,0.29092979431152344,-0.07331854850053787,0.025747422128915787,0.9184103012084961,ok,634.0897216796875,400.101318359375
green_cube,0.9943149089813232,0.002852650047870587,0.0282462374645036,0.0036334326308903263,0.0028262752521192214,0.00038701485097408436,0.5482989291653982,-0.29176810000115505,0.02613429355621338,5,0.5496363043785095,-0.2892782688140869,0.025747278705239296,0.9459784626960754,ok,528.6588134765625,501.7012939453125
blue_cube,0.9406008720397949,0.0008999709196646474,0.028192465187736094,0.002556186609826652,0.000899969667518786,1.5012621879563481e-06,0.6349965209592592,0.27490062382335584,0.02575,5,0.6358914971351624,0.2749952971935272,0.025748498737812042,0.9490979313850403,ok,810.0769653320312,543.7515869140625
red_cube,1.1078860759735107,0.002519026485642746,0.030130985367159628,0.004855586515563122,0.0025177237718124854,8.100274205207966e-05,0.3671850492735222,-0.3131974546000188,0.025828640937805177,6,0.3685705065727234,-0.3110952079296112,0.025747638195753098,0.94797283411026,ok,530.832275390625,427.44183349609375
yellow_cube,0.9339358806610107,0.0010929749900753598,0.027940168070947225,0.002368504318992859,0.0008796589705098231,0.0006486866921186461,0.6444635221221675,0.041746410448449504,0.02639744806289673,6,0.6448604464530945,0.04253142699599266,0.025748761370778084,0.9589201807975769,ok,692.03857421875,548.4515380859375
green_cube,0.9774994850158691,0.002841256654919834,0.026550721075502395,0.0017746790464534617,0.002841256171322136,1.6577243804917485e-06,0.5779351370698872,-0.4272024320107333,0.02575,6,0.5797234773635864,-0.4249945878982544,0.025748342275619507,0.9632247686386108,ok,460.5504150390625,515.9454345703125
blue_cube,1.0701448917388916,0.0032258234453066597,0.029977228091423166,0.004847330646829065,0.0032258233849621456,6.239563226685674e-07,0.4277370279220648,-0.5030779915649033,0.02575,6,0.429934024810791,-0.500715970993042,0.02574937604367733,0.9396460056304932,ok,442.22564697265625,450.5810546875
red_cube,1.0813546180725098,0.003908104580489521,0.0277596822214069,0.003305637251208942,0.0039081045025677235,7.804185152039678e-07,0.4111840422080728,-0.33482055937854854,0.02575,7,0.4140773415565491,-0.33219337463378906,0.025749219581484795,0.9513934254646301,ok,518.5977783203125,444.3548583984375
yellow_cube,1.1438374519348145,0.0035166907776363883,0.03045983872784586,0.005072403443137402,0.0035166900482597662,2.2649466991410405e-06,0.311407921211948,-0.5213025202954398,0.02575,7,0.3135959208011627,-0.518549382686615,0.025747735053300858,0.9471776485443115,ok,447.3504638671875,407.84234619140625
green_cube,1.0356416702270508,0.001293284308936955,0.029984037903493636,0.004396424246704453,0.0011963968287464807,0.0004911404401063933,0.4821279204216838,0.2633230333499718,0.026238065242767335,7,0.4831201732158661,0.2626546025276184,0.025746924802660942,0.9473614692687988,ok,789.1256103515625,472.635986328125
blue_cube,0.9161550998687744,0.0026440084257881857,0.02773912471503197,0.0032158288660451093,0.0025112299825600115,0.0008273478895425811,0.6726585260645954,-0.20137891060684385,0.02657590436935425,7,0.6729293465614319,-0.1988823264837265,0.02574855647981167,0.958803117275238,ok,566.2882690429688,563.309326171875
red_cube,1.082366704940796,0.002526839456031666,0.028439815796420336,0.003340316412167094,0.0025268391912953935,1.156672835348621e-06,0.408836035199817,0.024618314493662738,0.02575,8,0.41105595231056213,0.02582532912492752,0.02574884332716465,0.9557189345359802,ok,677.3446655273438,443.3135986328125
yellow_cube,1.0275371074676514,0.001957590027889206,0.028024525312056854,0.002692414955943935,0.0019575899174766242,6.574839353547246e-07,0.4962458267569544,0.15813368868771838,0.02575,8,0.49802830815315247,0.15732441842556,0.025749342516064644,0.9477890729904175,ok,741.4056396484375,478.83660888671875
green_cube,0.9735503196716309,0.002083667116511519,0.028334640515718535,0.003237565316087644,0.0020395253843912323,0.0004266202747821822,0.5814323686492961,-0.32100165465884994,0.026174467086791994,8,0.5823992490768433,-0.3192058801651001,0.02574784681200981,0.9580209851264954,ok,511.9408264160156,517.1641235351562
blue_cube,1.0823333263397217,0.0034397379103048072,0.027593877897130824,0.0026652622328147617,0.003439737839768787,6.965994834885747e-07,0.4107838697817471,-0.3902001899280966,0.02575,8,0.41277921199798584,-0.3873983323574066,0.02574930340051651,0.9551910161972046,ok,494.2618408203125,444.4117431640625
red_cube,1.0890858173370361,0.002591888973432021,0.0282280565070698,0.0026795005980274384,0.002591888758275018,1.0560899972901494e-06,0.400497534531682,0.33298286809614536,0.02575,9,0.403028279542923,0.33242321014404297,0.02574894391000271,0.9530065059661865,ok,812.3746948242188,440.54754638671875
yellow_cube,1.0600814819335938,0.0018659018378752656,0.027953916487953173,0.00235815285044661,0.0018659013246589602,1.3839155435547978e-06,0.44552823352184995,0.20199184056715902,0.02575,9,0.44733959436416626,0.20154400169849396,0.025748616084456444,0.9511988162994385,ok,758.05859375,457.985595703125
green_cube,0.961249589920044,0.0020167221622328342,0.029343927318256233,0.00405092356655998,0.001720242450677505,0.001052584528923036,0.6003180309605229,-0.38842288545524994,0.026799421787261964,9,0.6006940007209778,-0.3867442309856415,0.025746837258338928,0.9523215293884277,ok,476.8017578125,526.1619262695312
blue_cube,1.1078858375549316,0.0018073303344200297,0.02960667345608677,0.0041372995545044255,0.001807327638340007,3.1217634677872808e-06,0.3675839165150777,-0.025347442488918178,0.02575,9,0.3688977062702179,-0.02410631813108921,0.02574687823653221,0.9439395666122437,ok,654.9408569335938,427.6632080078125
red_cube,1.1538760662078857,0.0036992507729652524,0.02823719271854695,0.0032339470298683544,0.0036992507118580515,6.723850965485723e-07,0.2959559882279071,-0.18652573835855102,0.02575,10,0.2992312014102936,-0.18480601906776428,0.02574932761490345,0.9464718103408813,ok,587.6192626953125,402.652587890625
yellow_cube,0.9781622886657715,0.001003171913802678,0.02836847190609926,0.002759946200135739,0.0007241213471271288,0.0006942637562751784,0.5737317320862252,-0.00017128116011190758,0.026441853523254396,10,0.5743775367736816,0.0001562673569424078,0.025747589766979218,0.9316076636314392,ok,669.216064453125,513.4573974609375
green_cube,0.9208242893218994,0.0008957453602950104,0.026970126054460978,0.0014987557293662719,0.0008879731066293871,0.00011774341762066029,0.6660715308363994,-0.05052329127887492,0.02586648988723755,10,0.6667661070823669,-0.04997006431221962,0.02574874646961689,0.9527296423912048,ok,644.916015625,559.9013671875
blue_cube,0.9728941917419434,0.0012134185025210666,0.02779852178520363,0.0023157751641381765,0.0012128023903993528,3.866295516491078e-05,0.5829581946427296,0.12656561393689125,0.025788050174713136,10,0.584070086479187,0.12608127295970917,0.025749387219548225,0.95189368724823,ok,731.6002197265625,517.9676513671875
red_cube,1.16316819190979,0.0025278157114524036,0.0308044781550821,0.00518113681475288,0.002527813914926653,3.0137300491318852e-06,0.28053953534010195,0.3302544429178722,0.02575,11,0.2829819619655609,0.329602986574173,0.025746986269950867,0.9456542134284973,ok,800.2698974609375,397.3406982421875
yellow_cube,1.12164306640625,0.002291063838911614,0.029915671582722455,0.004595758098193921,0.0022706525136105228,0.0003051404207944884,0.3449229475018142,-0.0030285163648086934,0.026052277565002443,11,0.34714770317077637,-0.002574286190792918,0.025747137144207954,0.9259302020072937,ok,664.26220703125,419.2904052734375
green_cube,1.0253205299377441,0.0026712874149132392,0.028195244417733713,0.0031134571689014046,0.002671287352914676,5.755275487885625e-07,0.5000609026497745,-0.3905017844306414,0.02575,11,0.5016629695892334,-0.3883642256259918,0.02574942447245121,0.9512811303138733,ok,486.02392578125,480.5218505859375
blue_cube,0.984154224395752,0.0014464049415101302,0.027470748243508075,0.0018501575636552252,0.0014464045559589615,1.0560899972901494e-06,0.5670042336621893,0.29734917446789505,0.02575,11,0.5683923959732056,0.2969428598880768,0.02574894391000271,0.9507246017456055,ok,813.452392578125,510.75048828125
red_cube,1.0202875137329102,0.0009009682545041302,0.029187662327307632,0.0035110190520505195,0.00047722855613065206,0.0007641967684030547,0.506326767525604,0.010124689475616852,0.02651123332977295,12,0.5067993998527527,0.010190763510763645,0.025747036561369896,0.9576303362846375,ok,672.8299560546875,482.926513671875
yellow_cube,0.9155740737915039,0.0013530298027664917,0.028202181615330665,0.002677541040346553,0.0008392992416707923,0.0010612570047378554,0.6732978118048626,0.12330874045990323,0.026810567855834962,12,0.6736768484115601,0.12255990505218506,0.025749310851097107,0.9479250907897949,ok,735.633056640625,563.61376953125
green_cube,0.9086670875549316,0.003087885033488456,0.02710077278223721,0.0026334619895441672,0.0030878846793340417,1.4789104461655767e-06,0.6868791951184479,-0.49810923779586863,0.02575,12,0.687684178352356,-0.4951281249523163,0.025748521089553833,0.9643928408622742,ok,409.6857604980469,571.340087890625
blue_cube,1.0850720405578613,0.001410917075955536,0.030642737869188558,0.005052654126936193,0.0013363613833067111,0.0004525762349367156,0.4031797941935609,0.23424686503185832,0.02620194482803345,12,0.4045083820819855,0.23410293459892273,0.025749368593096733,0.945315420627594,ok,769.5325317382812,440.891845703125
red_cube,0.9115338325500488,0.0028637943802015124,0.027601685152928886,0.0032413556253508575,0.0028432094606655905,0.0003427509516477599,0.6806427784481923,-0.38290878465880784,0.02608982849121094,13,0.6817911863327026,-0.3803078234195709,0.02574707753956318,0.9476943016052246,ok,470.78692626953125,567.7116088867188
yellow_cube,1.0765244960784912,0.0032518366567882554,0.027431377565198856,0.0024245825612857763,0.00325183641732967,1.247942447660938e-06,0.42005852178844305,-0.3745970098423928,0.02575,13,0.4221067428588867,-0.3720712959766388,0.025748752057552338,0.9523422718048096,ok,500.3992614746094,448.0181884765625
green_cube,1.0263361930847168,0.0029694543822108123,0.028538674797101763,0.003890378781166521,0.0029561428756010536,0.00028085339069366597,0.49725662626534983,-0.26021633531669763,0.02602968740463257,13,0.49862760305404663,-0.25759732723236084,0.025748834013938904,0.9530864953994751,ok,546.81689453125,479.114013671875
blue_cube,0.8896484375,0.001571125706091908,0.02818945382314575,0.002863990433854546,0.0014141732032407605,0.0006845072209835067,0.7151933155615289,0.269225386466458,0.026433747291564943,13,0.7162655591964722,0.2683033347129822,0.025749240070581436,0.9560387134552002,ok,816.7655029296875,586.9112548828125
red_cube,0.89849853515625,0.0038155783387636023,0.026459912580929067,0.0026167715122061,0.0038155780958310922,1.3615638017640264e-06,0.7039030108394926,-0.5397461039867476,0.02575,14,0.7051976919174194,-0.5361568927764893,0.025748638436198235,0.9743553400039673,ok,384.9385070800781,580.8839111328125
yellow_cube,1.0246233940124512,0.0020244511991847334,0.029791529952640824,0.004413228241212944,0.002002838526987856,0.0002950262576341643,0.4999756191256803,-0.439385316461142,0.02604429054260254,14,0.5007475018501282,-0.43753719329833984,0.025749264284968376,0.9410182237625122,ok,463.1343078613281,480.27972412109375
green_cube,0.9261345863342285,0.0011697073384417855,0.028043014131657943,0.002495706492303096,0.0009655810129042618,0.0006602034270763411,0.6569161454911412,0.10248028386336766,0.026409130573272706,14,0.6575000882148743,0.10324928164482117,0.025748927146196365,0.968280017375946,ok,723.8010864257812,554.955078125
blue_cube,0.9606070518493652,0.0011644976938732677,0.028148548314941978,0.0026187817981878684,0.0009759058165978432,0.0006353445649147048,0.6018593105788822,0.03792996454127417,0.026382785320281984,14,0.6025934815406799,0.03857291489839554,0.02574744075536728,0.947037398815155,ok,688.696044921875,526.9952392578125
red_cube,1.029000997543335,0.0017726154999211864,0.028335604524322697,0.00292117687434182,0.0017726153997201413,5.96016645430103e-07,0.4937917056989107,-0.29043479704118486,0.02575,15,0.4950050413608551,-0.28914251923561096,0.02574940398335457,0.9494426846504211,ok,533.0286254882812,477.766845703125
yellow_cube,1.0423598289489746,0.001378080150720589,0.02853518128338784,0.003011887196161591,0.00137808003209257,5.718022584901006e-07,0.47202286970044527,0.047043853827820115,0.02575,15,0.4733637869358063,0.04672597721219063,0.02574942819774151,0.945397675037384,ok,689.0540771484375,468.51434326171875
green_cube,0.99090576171875,0.003739677011794241,0.02773075791839299,0.0030472269681848076,0.003739676850876783,1.0970681905732305e-06,0.5560908662106544,-0.5455393788826375,0.02575,15,0.5576635003089905,-0.5421464443206787,0.025748902931809425,0.9555334448814392,ok,405.9323425292969,505.6614990234375
blue_cube,0.9190657138824463,0.0006337528357916643,0.027642187001448274,0.00197248104696048,0.0006337525377368042,6.146430969224126e-07,0.6690513763560515,0.20156987773204071,0.02575,15,0.6695513129234314,0.2011803835630417,0.025749385356903076,0.9576982259750366,ok,775.9478759765625,561.51708984375
red_cube,0.9029889106750488,0.001428108114756118,0.027635147364623875,0.0023356826784028564,0.0013844772662049722,0.0003503077030181899,0.6942869186913443,-0.3035931063659593,0.0260988883972168,16,0.6942898631095886,-0.30220863223075867,0.02574858069419861,0.9670080542564392,ok,511.142578125,575.2030639648438
yellow_cube,0.9405989646911621,0.0012606537168523867,0.027622744316988832,0.0021736677980727917,0.0012606532682284915,1.0635405778870732e-06,0.6348655561343595,0.20024962052541842,0.02575,16,0.63612300157547,0.20033949613571167,0.02574893645942211,0.9600062966346741,ok,772.1658325195312,543.6650390625
green_cube,1.1514992713928223,0.004786830364487431,0.028283223918613536,0.0034290147196817397,0.004786830258035105,1.0095238685593755e-06,0.30092897520255707,-0.46165405254498365,0.02575,16,0.30400073528289795,-0.4579828083515167,0.02574899047613144,0.9608550071716309,ok,473.37042236328125,404.57421875
blue_cube,0.9593315124511719,0.004673233016943501,0.02671942297174797,0.003177380040179748,0.0046732328751790675,1.1510848999009282e-06,0.6068710409538285,-0.5523198018889756,0.02575,16,0.6088064908981323,-0.5480661988258362,0.025748848915100098,0.9558449387550354,ok,394.8504638671875,529.9111328125
red_cube,0.9523792266845703,0.000835555802429003,0.027974145564770965,0.002331135187619381,0.0005404246013480348,0.0006372556388378157,0.6150055947068089,0.007410613239103122,0.026384692668914796,17,0.6155433654785156,0.007464104797691107,0.02574743703007698,0.9455115795135498,ok,673.8096923828125,533.48828125
yellow_cube,0.9115338325500488,0.002058637842710732,0.02716655845947374,0.00245548454430464,0.002020971267544674,0.00039200115203857563,0.6805821821398403,-0.1668473226227808,0.026139002323150636,17,0.6811476349830627,-0.1649070680141449,0.02574700117111206,0.9387813210487366,ok,584.0091552734375,567.67041015625
green_cube,0.964454174041748,0.0024095991633734264,0.026987145644165513,0.0023321881252654736,0.0024095985487424996,1.721054315565601e-06,0.5973863316860414,-0.30487868349571967,0.02575,17,0.5983303785324097,-0.3026617169380188,0.025748278945684433,0.9644566774368286,ok,518.7144927978516,525.0701904296875
blue_cube,1.1011242866516113,0.00422863067470656,0.028415925957926108,0.003320056071653258,0.0042286306360465485,5.718022584901006e-07,0.3808298234849987,-0.5270910470907905,0.02575,17,0.38361629843711853,-0.5239103436470032,0.02574942819774151,0.9423747062683105,ok,437.3610534667969,433.032958984375
red_cube,1.0607247352600098,0.001572553824395118,0.029691179115475554,0.004204311481869052,0.0013771150287322945,0.0007592626214027419,0.44171107607240123,0.0593329031669141,0.02650634574890137,18,0.44304323196411133,0.059681911021471024,0.025747083127498627,0.9471132755279541,ok,693.73779296875,455.95166015625
yellow_cube,0.9261345863342285,0.0011267677756040262,0.02769361492946047,0.0022108153816789446,0.0009586687753599646,0.0005920809060335173,0.6570016311833015,0.08491003202471269,0.026339810371398927,18,0.6579535603523254,0.08502350747585297,0.02574772946536541,0.9429476857185364,ok,714.7391357421875,555.01220703125
green_cube,1.072303295135498,0.0030022113757081437,0.030199308814394157,0.004916408353232194,0.0030022106803802907,2.0432919263825566e-06,0.4246958403233114,-0.5295649555598839,0.02575,18,0.42609903216362,-0.5269108414649963,0.025747956708073616,0.9600287079811096,ok,430.82275390625,449.4560546875
blue_cube,1.1669225692749023,0.004344192489214695,0.02815611492185517,0.002903191735712846,0.004344191939793513,2.1848529577241094e-06,0.27670521467190984,-0.41979361299364126,0.02575,18,0.2800266146659851,-0.41699355840682983,0.025747815147042274,0.9545716047286987,ok,492.7080383300781,396.47802734375
red_cube,1.0765256881713867,0.0029141388142856148,0.029328211428194487,0.004440236671486554,0.002900793309900506,0.0002785735130310073,0.41705586878458784,-0.20635836004401817,0.02602581310272217,19,0.4184904098510742,-0.20383711159229279,0.025747239589691162,0.9528871774673462,ok,575.0587158203125,446.30120849609375
yellow_cube,0.9998152256011963,0.0018607150468102282,0.028575149755137006,0.003326830647064751,0.0016210156281503982,0.0009135473817586913,0.5388555550452216,-0.12012763600473315,0.02666292715072632,19,0.540274441242218,-0.11934376507997513,0.02574937976896763,0.9669371247291565,ok,611.2741088867188,497.30126953125
green_cube,0.9333109855651855,0.001728880040123846,0.02693688986842851,0.0020383518064203726,0.0017198169758323376,0.0001767929941415801,0.646043654701739,-0.09007899521076108,0.025926034927368165,19,0.647551417350769,-0.08925169706344604,0.025749241933226585,0.9645500779151917,ok,624.60546875,549.3547973632812
blue_cube,1.0927352905273438,0.004153814334349194,0.027226729330871228,0.0025715736021456937,0.004153813870420499,1.9631981849656255e-06,0.3946389488830275,-0.4211783514434913,0.02575,19,0.39737609028816223,-0.41805389523506165,0.025748036801815033,0.9528560042381287,ok,482.1049499511719,438.3104248046875
red_cube,1.0246260166168213,0.0008062074966405927,0.02866732125598421,0.0030153917111864124,0.0007938787956512925,0.00014045278728008412,0.5001635207916131,-0.04533852839449908,0.025889080047607423,20,0.5005794167518616,-0.04466230794787407,0.02574862726032734,0.9502251148223877,ok,646.8350830078125,480.3935546875
yellow_cube,1.0607223510742188,0.0014791966287411944,0.028707923870280243,0.0031258882858165842,0.0014791957349891529,1.6260594129548223e-06,0.44350580075410784,0.15222272057445013,0.02575,20,0.44496288895606995,0.15247750282287598,0.025748373940587044,0.95854252576828,ok,735.57177734375,456.99322509765625
green_cube,1.0188465118408203,0.002025748858629329,0.02822786027121941,0.002857637784757129,0.0020257482870561826,1.5217512845978887e-06,0.5105271504500463,0.25436353410070195,0.02575,20,0.5125371813774109,0.2541116774082184,0.0257484782487154,0.9522577524185181,ok,787.3885498046875,485.076416015625
blue_cube,0.9735498428344727,0.0017301096566306653,0.027483197768427916,0.0019135971929401053,0.0017301081520424808,2.281710505484119e-06,0.5841429410026999,0.3473703053943187,0.02575,20,0.5857399106025696,0.34670475125312805,0.025747718289494514,0.9656925201416016,ok,839.8865966796875,518.8846435546875
red_cube,0.8928625583648682,0.0033765450722881684,0.026193927141316888,0.0023469187018124544,0.0033765445928886414,1.7992854118333013e-06,0.7130019443972611,-0.4963122468863351,0.02575,21,0.7136797904968262,-0.4930044412612915,0.025748200714588165,0.9696598649024963,ok,406.5657958984375,586.03369140625
yellow_cube,1.1665477752685547,0.0057857250012295905,0.027578167876825273,0.0031761070242072465,0.005785724902792796,1.0672658681855351e-06,0.27728529367539156,-0.45529840924673726,0.02575,21,0.2817261517047882,-0.4515898525714874,0.025748932734131813,0.9442185759544373,ok,478.1211853027344,396.667724609375
green_cube,1.056070327758789,0.0031958861243757356,0.0276685292349936,0.002886570834717914,0.0031958859190862965,1.1454969644532353e-06,0.4520243877065259,-0.36230295087378533,0.02575,21,0.4535588026046753,-0.3594995141029358,0.025748854503035545,0.9573090076446533,ok,503.2587890625,460.629150390625
blue_cube,1.1529021263122559,0.004552604014342734,0.029134174835382883,0.00453988507842321,0.004552603774131181,1.4789104461655767e-06,0.2971832536740271,-0.37303699852669364,0.02575,21,0.29973816871643066,-0.36926889419555664,0.025748521089553833,0.9393355846405029,ok,510.29638671875,403.00732421875
red_cube,0.9357295036315918,0.0031224488403417843,0.026527354036458003,0.0023317474652803424,0.003122448527015871,1.3988167047486455e-06,0.644001503100433,-0.43470908736084,0.02575,22,0.6454472541809082,-0.43194150924682617,0.02574860118329525,0.9729169011116028,ok,448.7107238769531,548.5595092773438
yellow_cube,1.0348985195159912,0.0014890884016957897,0.029975343915703914,0.004373969250298121,0.0014890882733019754,6.183683872208745e-07,0.4839956296322195,0.34377593770222287,0.02575,22,0.48529061675071716,0.3430408239364624,0.025749381631612778,0.9533373713493347,ok,826.369384765625,473.5419921875
green_cube,1.0928027629852295,0.002814658872247506,0.02914482683116697,0.0041721094807433525,0.002808360285510539,0.00018819424510002278,0.39115550308922953,-0.1386019313551521,0.02593604850769043,22,0.39343884587287903,-0.13696692883968353,0.02574785426259041,0.9357573390007019,ok,605.6426391601562,436.36865234375
blue_cube,1.1528098583221436,0.0029754609972223282,0.02898784252793192,0.003814384785666082,0.002975460613779522,1.510575413702503e-06,0.29741268610258004,-0.13530468455264472,0.02575,22,0.29948294162750244,-0.13316753506660461,0.025748489424586296,0.929532527923584,ok,608.7957763671875,403.1011962890625
red_cube,1.003286600112915,0.0012088503988120823,0.02823778301086946,0.0027388636430025867,0.0011564562618085175,0.000352034375071527,0.5340023105726821,-0.12027485866548998,0.02610145139694214,23,0.5350779891014099,-0.11985023319721222,0.025749417021870613,0.9519045948982239,ok,611.3029174804688,495.2301025390625
yellow_cube,1.0878689289093018,0.0015667185032518537,0.02916142465841405,0.0036145742271831744,0.0015667183645102958,6.593465805039556e-07,0.399451592119581,0.026581114892010392,0.02575,23,0.401017427444458,0.02652852050960064,0.025749340653419495,0.9578267335891724,ok,678.01708984375,439.599853515625
green_cube,0.9109578132629395,0.0012006705525732686,0.027186801487986977,0.0016008278580791218,0.0012006682223189746,2.365529537199512e-06,0.683293116373871,0.3067644320635566,0.02575,23,0.684371829032898,0.30623719096183777,0.0257476344704628,0.9657888412475586,ok,832.32373046875,569.388916015625
blue_cube,1.0438666343688965,0.0040513587046285965,0.027160143222015216,0.002434988581631219,0.00405135843943601,1.46587193012096e-06,0.47255188010962784,-0.5067468934387704,0.02575,23,0.4750994145870209,-0.5035967230796814,0.025748534128069878,0.9577231407165527,ok,435.55499267578125,469.248046875
red_cube,1.0669865608215332,0.002683888548705011,0.028530653022101213,0.003620012622016694,0.0026838883581414502,1.0113865137086064e-06,0.43314575512058884,-0.14980534147740604,0.02575,24,0.43448901176452637,-0.1474817842245102,0.02574898861348629,0.9596794247627258,ok,599.7950439453125,452.788818359375
yellow_cube,1.0765266418457031,0.002678540690143586,0.029751417382555073,0.004654083929486146,0.0026613437890511842,0.0003030337691307082,0.4170224025151548,-0.30720863526557807,0.026051502704620363,24,0.41814738512039185,-0.3047967553138733,0.025748468935489655,0.9513505697250366,ok,530.3102416992188,446.2823486328125
green_cube,1.0046815872192383,0.0022750445860674766,0.028850204553904066,0.0037547244064627633,0.002122895846067778,0.0008180104494094863,0.5311975039753328,-0.09535880277671378,0.026566784858703615,24,0.5318677425384521,-0.09334448724985123,0.02574877440929413,0.9600101709365845,ok,623.1890869140625,493.8768310546875
blue_cube,1.1650409698486328,0.002472641814568045,0.028254934379230434,0.002719709221551054,0.002472641172060168,1.7825216054902226e-06,0.2793383559952973,-0.12826873401836902,0.02575,24,0.28144145011901855,-0.1269683688879013,0.02574821747839451,0.9621889591217041,ok,612.00732421875,397.2845458984375
red_cube,1.0159811973571777,0.0017310997817878324,0.02807116167690393,0.0025158266017493423,0.0017310988233327298,1.8216371536240727e-06,0.5163451527696359,0.33022832150780024,0.02575,25,0.518066942691803,0.3300490379333496,0.025748178362846375,0.9563482999801636,ok,823.478759765625,487.83099365234375
yellow_cube,1.1014657020568848,0.003457519635316457,0.029625742961223188,0.0046938730216600465,0.003457518412777856,2.9075592756257207e-06,0.3784039262151171,-0.40216223184076116,0.02575,25,0.3795965909957886,-0.39891692996025085,0.025747092440724373,0.9252349138259888,ok,491.6114807128906,431.7789306640625
green_cube,1.0655739307403564,0.0014151491229462852,0.029540755416266034,0.0039462432171622425,0.0014151486177309371,1.1957883834824712e-06,0.4349980521759949,-0.322430044209391,0.02575,25,0.43609705567359924,-0.321538507938385,0.025748804211616516,0.9520145058631897,ok,522.358154296875,453.452880859375
blue_cube,0.9854979515075684,0.0028310462630907465,0.02752102794539889,0.0031821022317587416,0.0028267603273557044,0.00015572088956833027,0.5626729005922725,-0.16031157926677622,0.025904577255249025,25,0.5644160509109497,-0.15808627009391785,0.025748856365680695,0.9514552354812622,ok,591.3789672851562,508.37860107421875
red_cube,1.1181693077087402,0.0026353620882057904,0.02900597645260029,0.0037909609099725395,0.0026353618277888814,1.1715739965424687e-06,0.35156402797853653,-0.0034080400328811607,0.02575,26,0.35398536920547485,-0.002367733046412468,0.025748828426003456,0.9558718204498291,ok,664.1760864257812,421.890380859375
yellow_cube,0.9670343399047852,0.002647338600089069,0.02651188378954538,0.0018571469768633782,0.0026473380857227015,1.6502737998948247e-06,0.5942849963880216,-0.38627608978227457,0.02575,26,0.5957234501838684,-0.38405364751815796,0.025748349726200104,0.9568067789077759,ok,478.82672119140625,523.72265625
green_cube,0.9098110198974609,0.0026587510607624003,0.027070473840961347,0.002895585334572595,0.0026338465788098005,0.00036305564641952656,0.6833685843582769,-0.22459002939904632,0.026112001419067384,26,0.6843194961547852,-0.2221338301897049,0.025748945772647858,0.9563431739807129,ok,553.5870361328125,569.193603515625
blue_cube,1.1650364398956299,0.0034110277125215167,0.02876738310827871,0.0032690540744429036,0.003411027668568124,5.475878715500981e-07,0.27873649728267824,0.22597643567776693,0.02575,26,0.28194618225097656,0.22482186555862427,0.02574945241212845,0.9491122364997864,ok,757.2597045898438,396.966064453125
red_cube,1.1095867156982422,0.0035979348222258544,0.0291480368631458,0.00448385362105275,0.0035979337316309552,2.801388502119556e-06,0.3651658576489925,-0.2498849705438429,0.02575,27,0.3670092821121216,-0.2467951625585556,0.02574719861149788,0.9503417015075684,ok,558.2540283203125,426.829345703125
yellow_cube,1.082977533340454,0.0020587202367716214,0.02942507446343629,0.004117492924690971,0.0020457829117307073,0.00023043717443943165,0.40680426139362214,-0.11176480058294844,0.025978427410125734,27,0.40814274549484253,-0.11021764576435089,0.025747990235686302,0.935745120048523,ok,617.1680297851562,442.3367919921875
green_cube,1.135829210281372,0.0034698152806804912,0.029397479370211293,0.004553683133288597,0.0034698152371773297,5.494505166993291e-07,0.3226615923632441,-0.14416432749706007,0.02575,27,0.3258313238620758,-0.14275279641151428,0.0257494505494833,0.9511390328407288,ok,604.6046752929688,411.4676513671875
blue_cube,1.0438661575317383,0.002130214402113823,0.028811956717957724,0.003650270001797031,0.0020387534981638313,0.0006174929738044753,0.4688250174799845,-0.03430448907034104,0.02636693048477173,27,0.4707905054092407,-0.0337628498673439,0.025749437510967255,0.9509252309799194,ok,651.758056640625,467.047119140625
red_cube,1.0638437271118164,0.0020730930646982934,0.028942634284050126,0.0034345183461976124,0.002073092984809944,5.755275487885625e-07,0.43860973489802535,-0.3828766633995299,0.02575,28,0.44021883606910706,-0.3815695643424988,0.02574942447245121,0.9523935317993164,ok,495.02301025390625,455.04620361328125
yellow_cube,0.9167349338531494,0.00154292463631987,0.028025445788304754,0.0026688463095545963,0.001382767477798534,0.0006845221221447005,0.6719083132614853,0.1306632394865119,0.026432793617248537,28,0.6729211211204529,0.1316046565771103,0.025748271495103836,0.954131543636322,ok,739.344970703125,562.9299926757812
green_cube,0.9029867649078369,0.002306093170087875,0.027610375472466732,0.0028546641096836725,0.0022812844317325145,0.0003373530060052886,0.6943053222910119,-0.3709554386707531,0.02608672904968262,28,0.6952043771743774,-0.36885878443717957,0.02574937604367733,0.9558585286140442,ok,475.5084533691406,575.2152099609375
blue_cube,1.0017728805541992,0.001718182636150658,0.02833796004364055,0.0030628021314460492,0.0016829329165763847,0.00034624899923801564,0.5364297837400765,-0.004291430151779013,0.02609459686279297,28,0.53746497631073,-0.0029645392205566168,0.025748347863554955,0.9584609866142273,ok,666.5631103515625,496.3232421875
red_cube,1.0669870376586914,0.004270963093453495,0.02699831452699422,0.0019456308695652116,0.004270962716016811,1.7955601215348393e-06,0.4366158382568718,-0.54032405065959,0.02575,29,0.43967628479003906,-0.5373449921607971,0.025748204439878464,0.9480161070823669,ok,424.947265625,454.792236328125
yellow_cube,1.079740285873413,0.0037457334343598144,0.028555138902732032,0.003737031502958272,0.0037457332028802953,1.3168603181824834e-06,0.4138551800787442,-0.44047653007237014,0.02575,29,0.415753036737442,-0.4372471868991852,0.025748683139681816,0.9614319205284119,ok,471.67242431640625,445.40740966796875
green_cube,0.900177001953125,0.003044894152030163,0.027126450316871876,0.0032700573454966173,0.0029963415171285848,0.0005415883213281646,0.6985453809139688,-0.22008124354793732,0.0262897424697876,29,0.6994390487670898,-0.21722127497196198,0.025748154148459435,0.9604292511940002,ok,555.05517578125,577.5401000976562
blue_cube,1.0994548797607422,0.0027622406775431375,0.029094134872685185,0.004024106891315453,0.0027622404827138715,1.0374635457978398e-06,0.3815761011932729,-0.23085425415810498,0.02575,29,0.38279515504837036,-0.22837556898593903,0.0257489625364542,0.9490182995796204,ok,565.7686767578125,432.9566650390625
